timestamp,DC_POWER
2020-05-15 00:00:00,0.0
2020-05-15 01:00:00,0.0
2020-05-15 02:00:00,0.0
2020-05-15 03:00:00,0.0
2020-05-15 04:00:00,0.0
2020-05-15 05:00:00,0.0
2020-05-15 06:00:00,592.8138842863954
2020-05-15 07:00:00,1976.423944772727
2020-05-15 08:00:00,4220.533982636363
2020-05-15 09:00:00,5708.149959420454
2020-05-15 10:00:00,6636.017573022727
2020-05-15 11:00:00,7694.847943613637
2020-05-15 12:00:00,8780.62310625
2020-05-15 13:00:00,7115.079139625
2020-05-15 14:00:00,8930.334794522727
2020-05-15 15:00:00,6208.556818181818
2020-05-15 16:00:00,4437.164772727273
2020-05-15 17:00:00,1559.914908022727
2020-05-15 18:00:00,98.91156655806816
2020-05-15 19:00:00,0.0
2020-05-15 20:00:00,0.0
2020-05-15 21:00:00,0.0
2020-05-15 22:00:00,0.0
2020-05-15 23:00:00,0.0
2020-05-16 02:00:00,0.0
2020-05-16 03:00:00,0.0
2020-05-16 04:00:00,0.0
2020-05-16 05:00:00,0.0
2020-05-16 06:00:00,556.5361201082954
2020-05-16 07:00:00,2355.597402590909
2020-05-16 08:00:00,5347.960836068182
2020-05-16 09:00:00,6357.830560045454
2020-05-16 10:00:00,8052.008116954546
2020-05-16 11:00:00,7923.825284147728
2020-05-16 12:00:00,9516.34030031818
2020-05-16 13:00:00,8705.970373443182
2020-05-16 14:00:00,7392.447443215909
2020-05-16 15:00:00,5506.677556829545
2020-05-16 16:00:00,2760.0160308636364
2020-05-16 17:00:00,1374.118506515909
2020-05-16 18:00:00,129.50689934659093
2020-05-16 19:00:00,0.0
2020-05-16 20:00:00,0.0
2020-05-16 21:00:00,0.0
2020-05-16 22:00:00,0.0
2020-05-16 23:00:00,0.0
2020-05-17 00:00:00,0.0
2020-05-17 01:00:00,0.0
2020-05-17 02:00:00,0.0
2020-05-17 03:00:00,0.0
2020-05-17 04:00:00,0.0
2020-05-17 05:00:00,0.0
2020-05-17 06:00:00,364.5541801931818
2020-05-17 07:00:00,2751.971185068182
2020-05-17 08:00:00,5828.107954534091
2020-05-17 09:00:00,8218.946225693182
2020-05-17 10:00:00,10310.798701352272
2020-05-17 11:00:00,11654.63879859091
2020-05-17 12:00:00,9389.199066579546
2020-05-17 13:00:00,7765.339082784091
2020-05-17 14:00:00,7042.7447239545445
2020-05-17 15:00:00,7136.542816499999
2020-05-17 16:00:00,4750.706507056818
2020-05-17 17:00:00,1487.946022755682
2020-05-17 18:00:00,112.07913961136364
2020-05-17 19:00:00,0.0
2020-05-17 20:00:00,0.0
2020-05-17 21:00:00,0.0
2020-05-17 22:00:00,0.0
2020-05-17 23:00:00,0.0
2020-05-18 00:00:00,0.0
2020-05-18 01:00:00,0.0
2020-05-18 02:00:00,0.0
2020-05-18 03:00:00,0.0
2020-05-18 04:00:00,0.0
2020-05-18 05:00:00,0.0
2020-05-18 06:00:00,587.0048701386363
2020-05-18 07:00:00,2394.0144074545456
2020-05-18 08:00:00,1599.330560034091
2020-05-18 09:00:00,1627.9868100454544
2020-05-18 10:00:00,3202.990462647728
2020-05-18 11:00:00,6232.456371795455
2020-05-18 12:00:00,8298.032873375
2020-05-18 13:00:00,10520.341112068185
2020-05-18 14:00:00,6869.028003170454
2020-05-18 15:00:00,7575.712662329545
2020-05-18 16:00:00,4192.146103886364
2020-05-18 17:00:00,1441.020495109091
2020-05-18 18:00:00,147.98681006363634
2020-05-18 19:00:00,0.0
2020-05-18 20:00:00,0.0
2020-05-18 21:00:00,0.0
2020-05-18 22:00:00,0.0
2020-05-18 23:00:00,0.0
2020-05-19 00:00:00,0.0
2020-05-19 01:00:00,0.0
2020-05-19 02:00:00,0.0
2020-05-19 03:00:00,0.0
2020-05-19 04:00:00,0.0
2020-05-19 05:00:00,0.0
2020-05-19 06:00:00,248.81534090704545
2020-05-19 07:00:00,2759.8754058636364
2020-05-19 08:00:00,3190.729099045455
2020-05-19 09:00:00,6771.324675306818
2020-05-19 10:00:00,7406.877029238636
2020-05-19 11:00:00,7210.587662409091
2020-05-19 12:00:00,10657.84848484091
2020-05-19 13:00:00,8801.381493727273
2020-05-19 14:00:00,9599.18709403409
2020-05-19 15:00:00,6344.329545465909
2020-05-19 16:00:00,5116.747098174999
2020-05-19 17:00:00,1569.0448908819444
2020-05-19 18:00:00,0.25
2020-05-19 19:00:00,0.0
2020-05-19 20:00:00,0.0
2020-05-19 21:00:00,0.0
2020-05-19 22:00:00,0.0
2020-05-19 23:00:00,0.0
2020-05-20 00:00:00,0.0
2020-05-20 01:00:00,0.0
2020-05-20 02:00:00,0.0
2020-05-20 03:00:00,0.0
2020-05-20 04:00:00,0.0
2020-05-20 05:00:00,0.0
2020-05-20 06:00:00,551.9042207785227
2020-05-20 07:00:00,2965.5034497045453
2020-05-20 08:00:00,6224.208603920455
2020-05-20 09:00:00,8638.781250011363
2020-05-20 10:00:00,10785.152597272729
2020-05-20 11:00:00,12091.101055113637
2020-05-20 12:00:00,12738.074066477271
2020-05-20 13:00:00,11863.98869
2020-05-20 17:00:00,1699.566558431818
2020-05-20 18:00:00,309.6990665569318
2020-05-20 19:00:00,0.0
2020-05-20 20:00:00,0.0
2020-05-20 21:00:00,0.0
2020-05-20 22:00:00,0.0
2020-05-21 07:00:00,3468.084090909091
2020-05-21 08:00:00,5994.5376758522725
2020-05-21 09:00:00,9190.750608704546
2020-05-21 10:00:00,8343.435484295454
2020-05-21 11:00:00,11879.352069454546
2020-05-21 12:00:00,9952.323457818182
2020-05-21 13:00:00,11102.35615531818
2020-05-21 14:00:00,8402.908076386362
2020-05-21 15:00:00,6981.618844647728
2020-05-21 16:00:00,3533.155438261364
2020-05-21 17:00:00,712.3932629840909
2020-05-21 18:00:00,130.32061688333334
2020-05-21 19:00:00,0.0
2020-05-21 20:00:00,0.0
2020-05-21 21:00:00,0.0
2020-05-21 22:00:00,0.0
2020-05-21 23:00:00,0.0
2020-05-22 00:00:00,0.0
2020-05-22 01:00:00,0.0
2020-05-22 02:00:00,0.0
2020-05-22 03:00:00,0.0
2020-05-22 04:00:00,0.0
2020-05-22 05:00:00,0.0
2020-05-22 06:00:00,718.6174918738636
2020-05-22 07:00:00,3508.8277191818183
2020-05-22 08:00:00,4052.724986465909
2020-05-22 09:00:00,5642.195332806818
2020-05-22 10:00:00,7612.430600534091
2020-05-22 11:00:00,10254.342545909092
2020-05-22 12:00:00,10930.782061727274
2020-05-22 13:00:00,10456.058374238635
2020-05-22 14:00:00,9906.688920534092
2020-05-22 15:00:00,6221.008522715909
2020-05-22 16:00:00,2530.480519522728
2020-05-22 17:00:00,1029.7940340977273
2020-05-22 18:00:00,113.9053101511842
2020-05-22 19:00:00,0.0
2020-05-22 20:00:00,0.0
2020-05-22 21:00:00,0.0
2020-05-22 22:00:00,0.0
2020-05-22 23:00:00,0.0
2020-05-23 00:00:00,0.0
2020-05-23 01:00:00,0.0
2020-05-23 02:00:00,0.0
2020-05-23 03:00:00,0.0
2020-05-23 04:00:00,0.0
2020-05-23 05:00:00,0.0
2020-05-23 06:00:00,666.1681818227272
2020-05-23 07:00:00,2504.2331574988634
2020-05-23 08:00:00,6644.226866886364
2020-05-23 09:00:00,8583.87094146591
2020-05-23 10:00:00,9098.861201284091
2020-05-23 11:00:00,12133.912946102271
2020-05-23 12:00:00,11700.780235579545
2020-05-23 13:00:00,11742.573255227271
2020-05-23 14:00:00,8267.028611875001
2020-05-23 15:00:00,7477.456168818182
2020-05-23 16:00:00,5480.885146102272
2020-05-23 17:00:00,2429.1148538522725
2020-05-23 18:00:00,477.52800324613634
2020-05-23 19:00:00,0.0
2020-05-23 20:00:00,0.0
2020-05-23 21:00:00,0.0
2020-05-23 22:00:00,0.0
2020-05-23 23:00:00,0.0
2020-05-24 00:00:00,0.0
2020-05-24 01:00:00,0.0
2020-05-24 02:00:00,0.0
2020-05-24 03:00:00,0.0
2020-05-24 04:00:00,0.0
2020-05-24 05:00:00,0.0
2020-05-24 06:00:00,611.04078733875
2020-05-24 07:00:00,2852.9760551931818
2020-05-24 08:00:00,5548.625811681818
2020-05-24 09:00:00,7221.613636363636
2020-05-24 10:00:00,9192.550121681816
2020-05-24 11:00:00,11275.931818113637
2020-05-24 12:00:00,12043.783685454546
2020-05-24 13:00:00,11317.941761295457
2020-05-24 14:00:00,9308.015421795457
2020-05-24 15:00:00,5411.657467534091
2020-05-24 16:00:00,3934.002232170455
2020-05-24 17:00:00,2365.7883522579546
2020-05-24 18:00:00,283.7307224022727
2020-05-24 19:00:00,0.0
2020-05-24 20:00:00,0.0
2020-05-24 21:00:00,0.0
2020-05-24 22:00:00,0.0
2020-05-24 23:00:00,0.0
2020-05-25 00:00:00,0.0
2020-05-25 01:00:00,0.0
2020-05-25 02:00:00,0.0
2020-05-25 03:00:00,0.0
2020-05-25 04:00:00,0.0
2020-05-25 05:00:00,0.0
2020-05-25 06:00:00,668.3764097605263
2020-05-25 07:00:00,2632.5022321363635
2020-05-25 08:00:00,5871.297889636364
2020-05-25 09:00:00,9195.953124897727
2020-05-25 10:00:00,10949.986202045457
2020-05-25 11:00:00,12175.23721534091
2020-05-25 12:00:00,12525.96509715909
2020-05-25 13:00:00,11814.1275025
2020-05-25 14:00:00,10354.119723852273
2020-05-25 15:00:00,8845.691964363637
2020-05-25 16:00:00,3823.419034113637
2020-05-25 17:00:00,822.8301542420454
2020-05-25 18:00:00,172.6028814990909
2020-05-25 19:00:00,0.0
2020-05-25 20:00:00,0.0
2020-05-25 21:00:00,0.0
2020-05-25 22:00:00,0.0
2020-05-25 23:00:00,0.0
2020-05-26 00:00:00,0.0
2020-05-26 01:00:00,0.0
2020-05-26 02:00:00,0.0
2020-05-26 03:00:00,0.0
2020-05-26 04:00:00,0.0
2020-05-26 05:00:00,0.0
2020-05-26 06:00:00,620.2276785693182
2020-05-26 07:00:00,2976.2311282272726
2020-05-26 08:00:00,6293.595373386364
2020-05-26 09:00:00,9087.338271125
2020-05-26 10:00:00,10866.413961238635
2020-05-26 11:00:00,10165.153206
2020-05-26 12:00:00,10808.83441540909
2020-05-26 13:00:00,9964.837053704545
2020-05-26 14:00:00,5868.209009761364
2020-05-26 15:00:00,6093.460633125
2020-05-26 16:00:00,5688.8005276250005
2020-05-26 17:00:00,1597.8405032352273
2020-05-26 18:00:00,136.74045988219177
2020-05-26 19:00:00,0.0
2020-05-26 20:00:00,0.0
2020-05-26 21:00:00,0.0
2020-05-26 22:00:00,0.0
2020-05-26 23:00:00,0.0
2020-05-27 00:00:00,0.0
2020-05-27 01:00:00,0.0
2020-05-27 02:00:00,0.0
2020-05-27 03:00:00,0.0
2020-05-27 04:00:00,0.0
2020-05-27 05:00:00,0.0
2020-05-27 06:00:00,715.2956980409091
2020-05-27 07:00:00,2802.908414477273
2020-05-27 08:00:00,5818.79755140909
2020-05-27 09:00:00,8338.494818704545
2020-05-27 10:00:00,7547.187527056818
2020-05-27 11:00:00,10229.045184022729
2020-05-27 12:00:00,8686.363839318183
2020-05-27 13:00:00,5717.247226704546
2020-05-27 14:00:00,5711.673363125
2020-05-27 15:00:00,5974.576298636363
2020-05-27 16:00:00,4896.773336068182
2020-05-27 17:00:00,1488.3987418954546
2020-05-27 18:00:00,153.3086080576923
2020-05-27 19:00:00,0.0
2020-05-27 20:00:00,0.0
2020-05-27 21:00:00,0.0
2020-05-27 22:00:00,0.0
2020-05-27 23:00:00,0.0
2020-05-28 00:00:00,0.0
2020-05-28 01:00:00,0.0
2020-05-28 02:00:00,0.0
2020-05-28 03:00:00,0.0
2020-05-28 04:00:00,0.0
2020-05-28 05:00:00,0.0
2020-05-28 06:00:00,671.3528814852273
2020-05-28 07:00:00,3072.190543852273
2020-05-28 08:00:00,6295.143871772728
2020-05-28 09:00:00,9045.755817147729
2020-05-28 10:00:00,10032.013798625
2020-05-28 11:00:00,12233.164772784092
2020-05-28 12:00:00,12022.218655125
2020-05-28 13:00:00,10095.178774465909
2020-05-28 14:00:00,7602.337256522727
2020-05-28 15:00:00,8194.777935545455
2020-05-28 16:00:00,3855.226055181818
2020-05-28 17:00:00,1922.381290598864
2020-05-28 18:00:00,201.3852678573864
2020-05-28 19:00:00,0.0
2020-05-28 20:00:00,0.0
2020-05-28 21:00:00,0.0
2020-05-28 22:00:00,0.0
2020-05-29 06:00:00,1004.2545094045456
2020-05-29 07:00:00,2218.342126636364
2020-05-29 08:00:00,4545.8867694772725
2020-05-29 09:00:00,7723.384537340909
2020-05-29 10:00:00,11033.593953170455
2020-05-29 11:00:00,11132.291599193182
2020-05-29 12:00:00,11603.586445113637
2020-05-29 13:00:00,10992.592126113635
2020-05-29 14:00:00,8233.941152670455
2020-05-29 15:00:00,7373.606737034091
2020-05-29 16:00:00,5224.655235397728
2020-05-29 17:00:00,1920.2562905704544
2020-05-29 18:00:00,197.833798365625
2020-05-29 19:00:00,0.0
2020-05-29 20:00:00,0.0
2020-05-29 21:00:00,0.0
2020-05-29 22:00:00,0.0
2020-05-29 23:00:00,0.0
2020-05-30 00:00:00,0.0
2020-05-30 01:00:00,0.0
2020-05-30 02:00:00,0.0
2020-05-30 03:00:00,0.0
2020-05-30 04:00:00,0.0
2020-05-30 05:00:00,0.0
2020-05-30 06:00:00,572.4419642920454
2020-05-30 07:00:00,2061.5553977272725
2020-05-30 08:00:00,3607.996347454545
2020-05-30 09:00:00,5025.5430194772725
2020-05-30 10:00:00,4910.395292238637
2020-05-30 11:00:00,8353.145495113637
2020-05-30 12:00:00,11615.799310181816
2020-05-30 13:00:00,10684.63636340909
2020-05-30 14:00:00,10877.614448045457
2020-05-30 15:00:00,8529.35836040909
2020-05-30 16:00:00,5201.369521136364
2020-05-30 17:00:00,2205.0937500454547
2020-05-30 18:00:00,244.96996753215907
2020-05-30 19:00:00,0.0
2020-05-30 20:00:00,0.0
2020-05-30 21:00:00,0.0
2020-05-30 22:00:00,0.0
2020-05-30 23:00:00,0.0
2020-05-31 00:00:00,0.0
2020-05-31 01:00:00,0.0
2020-05-31 02:00:00,0.0
2020-05-31 03:00:00,0.0
2020-05-31 04:00:00,0.0
2020-05-31 05:00:00,0.0
2020-05-31 06:00:00,602.802353885909
2020-05-31 07:00:00,1695.0140016477271
2020-05-31 08:00:00,4387.951501602272
2020-05-31 09:00:00,6763.557021102272
2020-05-31 10:00:00,9649.876623488635
2020-05-31 11:00:00,9544.4308035
2020-05-31 12:00:00,9367.079139602272
2020-05-31 13:00:00,6561.814123375
2020-05-31 14:00:00,5929.791599113636
2020-05-31 15:00:00,2636.661323056818
2020-05-31 16:00:00,2191.2437094431816
2020-05-31 17:00:00,1550.6696428409089
2020-05-31 18:00:00,239.02293019590908
2020-05-31 19:00:00,0.0
2020-05-31 20:00:00,0.0
2020-05-31 21:00:00,0.0
2020-05-31 22:00:00,0.0
2020-05-31 23:00:00,0.0
2020-06-01 00:00:00,0.0
2020-06-01 01:00:00,0.0
2020-06-01 02:00:00,0.0
2020-06-01 03:00:00,0.0
2020-06-01 04:00:00,0.0
2020-06-01 05:00:00,0.0
2020-06-01 06:00:00,759.2418831210227
2020-06-01 07:00:00,3586.657873363636
2020-06-01 08:00:00,6100.2524350681815
2020-06-01 09:00:00,6614.797889602272
2020-06-01 10:00:00,9972.610389579546
2020-06-01 11:00:00,9690.470779363635
2020-06-01 12:00:00,5915.179788954545
2020-06-01 13:00:00,8119.82505403409
2020-06-01 14:00:00,3544.520089306818
2020-06-01 15:00:00,2024.8200080795448
2020-06-01 16:00:00,1746.217329579545
2020-06-01 17:00:00,921.4163961068182
2020-06-01 18:00:00,210.05864447954545
2020-06-01 19:00:00,0.0
2020-06-01 20:00:00,0.0
2020-06-01 21:00:00,0.0
2020-06-01 22:00:00,0.0
2020-06-01 23:00:00,0.0
2020-06-02 00:00:00,0.0
2020-06-02 01:00:00,0.0
2020-06-02 02:00:00,0.0
2020-06-02 03:00:00,0.0
2020-06-02 04:00:00,0.0
2020-06-02 05:00:00,0.0
2020-06-02 06:00:00,442.7991071436364
2020-06-02 07:00:00,1969.7337662272728
2020-06-02 08:00:00,7012.188108784091
2020-06-02 09:00:00,8739.956574806818
2020-06-02 10:00:00,8177.281858761364
2020-06-02 11:00:00,7186.446225659091
2020-06-02 12:00:00,9433.464894602272
2020-06-02 13:00:00,11822.413149204544
2020-06-02 14:00:00,7963.151379897728
2020-06-02 15:00:00,6131.2347808409095
2020-06-02 16:00:00,4873.601461034091
2020-06-02 17:00:00,1465.9338473852274
2020-06-02 18:00:00,197.0129278271875
2020-06-02 19:00:00,0.0
2020-06-02 20:00:00,0.0
2020-06-02 21:00:00,0.0
2020-06-02 22:00:00,0.0
2020-06-02 23:00:00,0.0
2020-06-03 00:00:00,0.0
2020-06-03 01:00:00,0.0
2020-06-03 02:00:00,0.0
2020-06-03 03:00:00,0.0
2020-06-03 04:00:00,0.0
2020-06-03 05:00:00,0.0
2020-06-03 06:00:00,476.8498376615909
2020-06-03 07:00:00,2436.4549512613635
2020-06-03 08:00:00,4605.823051954546
2020-06-03 09:00:00,6066.191964261364
2020-06-03 10:00:00,7888.275568204545
2020-06-03 11:00:00,10716.493506579543
2020-06-03 12:00:00,10807.748579602274
2020-06-03 13:00:00,9875.382710886364
2020-06-03 14:00:00,9573.457908257144
2020-06-03 15:00:00,8865.097199772727
2020-06-03 16:00:00,3983.350040579545
2020-06-03 17:00:00,2887.480519488636
2020-06-03 18:00:00,282.32041396113635
2020-06-03 19:00:00,0.0
2020-06-03 20:00:00,0.0
2020-06-03 21:00:00,0.0
2020-06-03 22:00:00,0.0
2020-06-03 23:00:00,0.0
2020-06-04 00:00:00,0.0
2020-06-04 01:00:00,0.0
2020-06-04 02:00:00,0.0
2020-06-04 03:00:00,0.0
2020-06-04 04:00:00,0.0
2020-06-04 05:00:00,0.0
2020-06-04 06:00:00,598.8918425302272
2020-06-04 07:00:00,2581.545048715909
2020-06-04 08:00:00,5361.10612825
2020-06-04 09:00:00,6908.815340897727
2020-06-04 10:00:00,9944.938108943184
2020-06-04 11:00:00,9940.887783988635
2020-06-04 12:00:00,10017.789164113636
2020-06-04 13:00:00,10997.370129409092
2020-06-04 14:00:00,8143.27516215909
2020-06-04 15:00:00,9125.994926977271
2020-06-04 16:00:00,6070.024959409091
2020-06-04 17:00:00,3200.023538954545
2020-06-04 18:00:00,350.6998746875
2020-06-04 19:00:00,0.0
2020-06-04 20:00:00,0.0
2020-06-04 21:00:00,0.0
2020-06-04 22:00:00,0.0
2020-06-04 23:00:00,0.0
2020-06-05 00:00:00,0.0
2020-06-05 01:00:00,0.0
2020-06-05 02:00:00,0.0
2020-06-05 03:00:00,0.0
2020-06-05 04:00:00,0.0
2020-06-05 05:00:00,0.0
2020-06-05 06:00:00,585.2769886328409
2020-06-05 07:00:00,1963.391842534091
2020-06-05 08:00:00,5615.941761386363
2020-06-05 09:00:00,7911.225446613636
2020-06-05 10:00:00,9338.977881625
2020-06-05 11:00:00,11016.749188431815
2020-06-05 12:00:00,4590.014407511364
2020-06-05 13:00:00,9968.147118818182
2020-06-05 14:00:00,10107.661729
2020-06-05 15:00:00,7199.730925306818
2020-06-05 16:00:00,6158.546672113636
2020-06-05 17:00:00,3480.0858360454545
2020-06-05 18:00:00,501.598139869625
2020-06-05 19:00:00,0.0
2020-06-05 20:00:00,0.0
2020-06-05 21:00:00,0.0
2020-06-05 22:00:00,0.0
2020-06-05 23:00:00,0.0
2020-06-06 00:00:00,0.0
2020-06-06 01:00:00,0.0
2020-06-06 02:00:00,0.0
2020-06-06 03:00:00,0.0
2020-06-06 04:00:00,0.0
2020-06-06 05:00:00,0.0
2020-06-06 06:00:00,689.3561282602273
2020-06-06 07:00:00,3594.122564931818
2020-06-06 08:00:00,5918.900568170455
2020-06-06 09:00:00,6292.324472431818
2020-06-06 10:00:00,9203.00162340909
2020-06-06 11:00:00,8539.817167465908
2020-06-06 12:00:00,8934.177556681818
2020-06-06 13:00:00,8796.750203011365
2020-06-06 14:00:00,6620.139407465909
2020-06-06 15:00:00,4162.746347409091
2020-06-06 16:00:00,1717.5919236931818
2020-06-06 17:00:00,588.2960633102273
2020-06-06 18:00:00,113.51510988884615
2020-06-06 19:00:00,0.0
2020-06-06 20:00:00,0.0
2020-06-06 21:00:00,0.0
2020-06-06 22:00:00,0.0
2020-06-06 23:00:00,0.0
2020-06-07 00:00:00,0.0
2020-06-07 01:00:00,0.0
2020-06-07 02:00:00,0.0
2020-06-07 03:00:00,0.0
2020-06-07 04:00:00,0.0
2020-06-07 05:00:00,0.0
2020-06-07 06:00:00,682.1349431807954
2020-06-07 07:00:00,2042.1454950681816
2020-06-07 08:00:00,3883.5742695
2020-06-07 09:00:00,7673.108766227273
2020-06-07 10:00:00,9289.425527636364
2020-06-07 11:00:00,11919.903408863638
2020-06-07 12:00:00,11313.722808443184
2020-06-07 13:00:00,8077.745332636364
2020-06-07 14:00:00,7401.037337618181
2020-06-07 15:00:00,7591.540178568182
2020-06-07 16:00:00,5487.042816556818
2020-06-07 17:00:00,2523.348417215909
2020-06-07 18:00:00,256.6816152609091
2020-06-07 19:00:00,0.0
2020-06-07 20:00:00,0.0
2020-06-07 21:00:00,0.0
2020-06-07 22:00:00,0.0
2020-06-07 23:00:00,0.0
2020-06-08 00:00:00,0.0
2020-06-08 01:00:00,0.0
2020-06-08 02:00:00,0.0
2020-06-08 03:00:00,0.0
2020-06-08 04:00:00,0.0
2020-06-08 05:00:00,0.0
2020-06-08 06:00:00,625.4626623404546
2020-06-08 07:00:00,2459.0089285909094
2020-06-08 08:00:00,5035.263392875
2020-06-08 09:00:00,9675.332088693182
2020-06-08 10:00:00,11475.388798647728
2020-06-08 11:00:00,10921.286525988637
2020-06-08 12:00:00,9617.35653403409
2020-06-08 13:00:00,9159.06067365909
2020-06-08 14:00:00,10284.935876704549
2020-06-08 15:00:00,8316.502638056818
2020-06-08 16:00:00,4766.412540568182
2020-06-08 17:00:00,2207.149350636364
2020-06-08 18:00:00,344.51116071363634
2020-06-08 19:00:00,0.0
2020-06-08 20:00:00,0.0
2020-06-08 21:00:00,0.0
2020-06-08 22:00:00,0.0
2020-06-08 23:00:00,0.0
2020-06-09 00:00:00,0.0
2020-06-09 01:00:00,0.0
2020-06-09 02:00:00,0.0
2020-06-09 03:00:00,0.0
2020-06-09 04:00:00,0.0
2020-06-09 05:00:00,0.0
2020-06-09 06:00:00,730.4466314670454
2020-06-09 07:00:00,2541.1661931704543
2020-06-09 08:00:00,6503.677962670455
2020-06-09 09:00:00,8802.463880022728
2020-06-09 10:00:00,9942.99675330682
2020-06-09 11:00:00,10963.448661159093
2020-06-09 12:00:00,9442.564123579548
2020-06-09 13:00:00,9870.48194018182
2020-06-09 14:00:00,7275.01501625
2020-06-09 15:00:00,8095.077922102273
2020-06-09 16:00:00,5331.397321386364
2020-06-09 17:00:00,2363.5720373181816
2020-06-09 18:00:00,342.3380681831818
2020-06-09 19:00:00,0.0
2020-06-09 20:00:00,0.0
2020-06-09 21:00:00,0.0
2020-06-09 22:00:00,0.0
2020-06-09 23:00:00,0.0
2020-06-10 00:00:00,0.0
2020-06-10 01:00:00,0.0
2020-06-10 02:00:00,0.0
2020-06-10 03:00:00,0.0
2020-06-10 04:00:00,0.0
2020-06-10 05:00:00,0.0
2020-06-10 06:00:00,682.4310064856818
2020-06-10 07:00:00,3019.208400954545
2020-06-10 08:00:00,4342.393465954545
2020-06-10 09:00:00,7159.448863625
2020-06-10 10:00:00,6108.9959415681815
2020-06-10 11:00:00,7622.840300465908
2020-06-10 12:00:00,11840.844967295454
2020-06-10 13:00:00,9590.247362193182
2020-06-10 14:00:00,5851.175527610228
2020-06-10 15:00:00,3514.8571428636365
2020-06-10 16:00:00,3936.344155829545
2020-06-10 17:00:00,1889.783116886364
2020-06-10 18:00:00,169.15158279204545
2020-06-10 19:00:00,0.0
2020-06-10 20:00:00,0.0
2020-06-10 21:00:00,0.0
2020-06-10 22:00:00,0.0
2020-06-10 23:00:00,0.0
2020-06-11 00:00:00,0.0
2020-06-11 01:00:00,0.0
2020-06-11 02:00:00,0.0
2020-06-11 03:00:00,0.0
2020-06-11 04:00:00,0.0
2020-06-11 05:00:00,0.0
2020-06-11 06:00:00,260.8887987
2020-06-11 07:00:00,1368.8774350738638
2020-06-11 08:00:00,2973.3386769886365
2020-06-11 09:00:00,4296.881696431818
2020-06-11 10:00:00,5594.774553545454
2020-06-11 11:00:00,7642.552962659091
2020-06-11 12:00:00,7983.865259727273
2020-06-11 13:00:00,6322.999188340909
2020-06-11 14:00:00,8169.232751590909
2020-06-11 15:00:00,6802.256899340909
2020-06-11 16:00:00,4003.250000011364
2020-06-11 17:00:00,1671.2767857488636
2020-06-11 18:00:00,247.0614853904545
2020-06-11 19:00:00,0.0
2020-06-11 20:00:00,0.0
2020-06-11 21:00:00,0.0
2020-06-11 22:00:00,0.0
2020-06-11 23:00:00,0.0
2020-06-12 00:00:00,0.0
2020-06-12 01:00:00,0.0
2020-06-12 02:00:00,0.0
2020-06-12 03:00:00,0.0
2020-06-12 04:00:00,0.0
2020-06-12 05:00:00,0.0
2020-06-12 06:00:00,304.86343344204545
2020-06-12 07:00:00,1057.8536931818182
2020-06-12 08:00:00,2957.9346591022727
2020-06-12 09:00:00,5683.096590897727
2020-06-12 10:00:00,7090.061688306818
2020-06-12 11:00:00,8412.591314977273
2020-06-12 12:00:00,8102.775568079546
2020-06-12 13:00:00,8437.299310068182
2020-06-12 14:00:00,7116.029829522727
2020-06-12 15:00:00,5257.566152659091
2020-06-12 16:00:00,2739.163149386364
2020-06-12 17:00:00,1865.4470373068184
2020-06-12 18:00:00,320.2483766246591
2020-06-12 19:00:00,0.0
2020-06-12 20:00:00,0.0
2020-06-12 21:00:00,0.0
2020-06-12 22:00:00,0.0
2020-06-12 23:00:00,0.0
2020-06-13 00:00:00,0.0
2020-06-13 01:00:00,0.0
2020-06-13 02:00:00,0.0
2020-06-13 03:00:00,0.0
2020-06-13 04:00:00,0.0
2020-06-13 05:00:00,0.0
2020-06-13 06:00:00,532.9620535698864
2020-06-13 07:00:00,3019.3581574545456
2020-06-13 08:00:00,6445.493709431818
2020-06-13 09:00:00,8274.131493545456
2020-06-13 10:00:00,10438.004261045457
2020-06-13 11:00:00,12253.879870329543
2020-06-13 12:00:00,11991.774147306818
2020-06-13 13:00:00,8707.330965943182
2020-06-13 14:00:00,10673.905844227273
2020-06-13 15:00:00,8426.046875113636
2020-06-13 16:00:00,3892.894277613637
2020-06-13 17:00:00,1399.0127841181818
2020-06-13 18:00:00,238.1176948063637
2020-06-13 19:00:00,0.0
2020-06-13 20:00:00,0.0
2020-06-13 21:00:00,0.0
2020-06-13 22:00:00,0.0
2020-06-13 23:00:00,0.0
2020-06-14 00:00:00,0.0
2020-06-14 01:00:00,0.0
2020-06-14 02:00:00,0.0
2020-06-14 03:00:00,0.0
2020-06-14 04:00:00,0.0
2020-06-14 05:00:00,0.0
2020-06-14 06:00:00,528.5385551840909
2020-06-14 07:00:00,3165.4969561704547
2020-06-14 08:00:00,4516.302759727273
2020-06-14 09:00:00,7598.678368511363
2020-06-14 10:00:00,9557.675324579546
2020-06-14 11:00:00,8074.81574684091
2020-06-14 12:00:00,6671.205762977273
2020-06-14 13:00:00,9495.910714397727
2020-06-14 14:00:00,9606.379464420454
2020-06-14 15:00:00,7764.659902738636
2020-06-14 16:00:00,3753.1040990113634
2020-06-14 17:00:00,1255.8703328011363
2020-06-14 18:00:00,176.07325486818183
2020-06-14 19:00:00,0.0
2020-06-14 20:00:00,0.0
2020-06-14 21:00:00,0.0
2020-06-14 22:00:00,0.0
2020-06-14 23:00:00,0.0
2020-06-15 00:00:00,0.0
2020-06-15 01:00:00,0.0
2020-06-15 02:00:00,0.0
2020-06-15 03:00:00,0.0
2020-06-15 04:00:00,0.0
2020-06-15 05:00:00,0.0
2020-06-15 06:00:00,746.0675730515909
2020-06-15 07:00:00,2463.040381534091
2020-06-15 08:00:00,7185.025162295454
2020-06-15 09:00:00,8631.54586040909
2020-06-15 10:00:00,10263.130682022727
2020-06-15 11:00:00,8798.056412238637
2020-06-15 12:00:00,7009.841517920455
2020-06-15 13:00:00,5737.824878363636
2020-06-15 14:00:00,6797.468750045455
2020-06-15 15:00:00,6095.007913943182
2020-06-15 16:00:00,2955.5006087727274
2020-06-15 17:00:00,1933.448660738636
2020-06-15 18:00:00,196.94967532125
2020-06-15 19:00:00,0.0
2020-06-15 20:00:00,0.0
2020-06-15 21:00:00,0.0
2020-06-15 22:00:00,0.0
2020-06-15 23:00:00,0.0
2020-06-16 00:00:00,0.0
2020-06-16 01:00:00,0.0
2020-06-16 02:00:00,0.0
2020-06-16 03:00:00,0.0
2020-06-16 04:00:00,0.0
2020-06-16 05:00:00,0.0
2020-06-16 06:00:00,472.1221591019319
2020-06-16 07:00:00,2543.215097352273
2020-06-16 08:00:00,5286.64123375
2020-06-16 09:00:00,7178.566152579545
2020-06-16 10:00:00,9868.997362056818
2020-06-16 11:00:00,8370.445008102273
2020-06-16 12:00:00,5832.003043852273
2020-06-16 13:00:00,6539.442775943182
2020-06-16 14:00:00,7019.64529209091
2020-06-16 15:00:00,5070.723575045455
2020-06-16 16:00:00,3328.6935876818184
2020-06-16 17:00:00,1534.8904221136363
2020-06-16 18:00:00,278.4922889609091
2020-06-16 19:00:00,0.0
2020-06-16 20:00:00,0.0
2020-06-16 21:00:00,0.0
2020-06-16 22:00:00,0.0
2020-06-16 23:00:00,0.0
2020-06-17 00:00:00,0.0
2020-06-17 01:00:00,0.0
2020-06-17 02:00:00,0.0
2020-06-17 03:00:00,0.0
2020-06-17 04:00:00,0.0
2020-06-17 05:00:00,0.0
2020-06-17 06:00:00,206.74269480522727
2020-06-17 07:00:00,2627.144074693182
2020-06-17 08:00:00,3797.846388011364
2020-06-17 09:00:00,5763.522524340909
2020-06-17 10:00:00,6708.866883125
2020-06-17 11:00:00,8486.347199772727
2020-06-17 12:00:00,11184.903206431818
2020-06-17 13:00:00,8476.948254886363
2020-06-17 14:00:00,7124.980722386364
2020-06-17 15:00:00,2154.5444399204544
2020-06-17 16:00:00,2454.565137977273
2020-06-17 17:00:00,1290.8078328125
2020-06-17 18:00:00,255.4681412361364
2020-06-17 19:00:00,0.0
2020-06-17 20:00:00,0.0
2020-06-17 21:00:00,0.0
2020-06-17 22:00:00,0.0
2020-06-17 23:00:00,0.0
